<?xml version="1.0" encoding="UTF-8"?>
<Dosage xmlns="http://www.dkma.dk/medicinecard/xml.schema/2012/06/01" xsi:schemaLocation="http://www.dkma.dk/medicinecard/xml.schema/2012/06/01 Dosage.xsd" xmlns:medicinecard20120601="http://www.dkma.dk/medicinecard/xml.schema/2012/06/01" xmlns:xsi="http://www.w3.org/2001/XMLSchema-instance">
	<DosageTimes>
		<NotIterated/>
		<StartDateTime>2011-02-27T12:34:56</StartDateTime>
		<DosageEndingUndetermined/>
		<UnitText source="Local dosage quantity unit">sug</UnitText>
		<SupplementaryText>ved anstrengelse</SupplementaryText>
		<Day>
			<NotNumbered/>
			<Dose>
				<MinimalQuantity>1</MinimalQuantity>
				<MaximalQuantity>2</MaximalQuantity>
			</Dose>
		</Day>
	</DosageTimes>
</Dosage>
