<?xml version="1.0" encoding="UTF-8"?>
<Dosage xmlns="http://www.dkma.dk/medicinecard/xml.schema/2012/06/01" xsi:schemaLocation="http://www.dkma.dk/medicinecard/xml.schema/2012/06/01 Dosage.xsd" xmlns:medicinecard20120601="http://www.dkma.dk/medicinecard/xml.schema/2012/06/01" xmlns:xsi="http://www.w3.org/2001/XMLSchema-instance">
	<DosageTimes>
		<IterationInterval>7</IterationInterval>
		<StartDate>2011-02-27</StartDate>
		<DosageEndingUndetermined/>
		<UnitText source="DKMA Medicine Prices" sourceDate="2011-02-11">stk</UnitText>
		<SupplementaryText>ved smerter</SupplementaryText>
		<Day>
			<DayNumber>1</DayNumber>
			<Dose>
				<Time>morning</Time>
				<Quantity>1</Quantity>
			</Dose>
			<Dose>
				<Time>noon</Time>
				<Quantity>1</Quantity>
				<IsAccordingToNeed/>
			</Dose>
			<Dose>
				<Time>evening</Time>
				<Quantity>1</Quantity>
			</Dose>
		</Day>
	</DosageTimes>
</Dosage>
