<?xml version="1.0" encoding="UTF-8"?>
<Drug xmlns="http://www.dkma.dk/medicinecard/xml.schema/2012/06/01" xsi:schemaLocation="http://www.dkma.dk/medicinecard/xml.schema/2012/06/01 Drug.xsd" xmlns:xsi="http://www.w3.org/2001/XMLSchema-instance">
	<ATC>
		<Code source="DKMA Medicine Prices" sourceDate="2011-02-10">J01CE02</Code>
		<Text>Phenoxymethylpenicillin</Text>
	</ATC>
	<Identifier source="DKMA Medicine Prices" sourceDate="2009-12-22">28101187584</Identifier>
	<Name>Primcillin</Name>
	<Form>
		<Code source="DKMA Medicine Prices" sourceDate="2011-02-10">TABFILM</Code>
		<Text>filmovertrukne tabletter</Text>
	</Form>
	<Strength>
		<Value>250</Value>
		<UnitCode source="DKMA Medicine Prices" sourceDate="2011-02-10">MG</UnitCode>
		<UnitText>milligram</UnitText>
	</Strength>
	<Substances>
		<ActiveSubstance>
			<Text source="Chemical Abstract (CAS)">Phenoxymethylpenicillinkalium</Text>
		</ActiveSubstance>
	</Substances>
</Drug>
