<?xml version="1.0" encoding="UTF-8"?>
<Effectuation xmlns="http://www.dkma.dk/medicinecard/xml.schema/2012/06/01" xsi:schemaLocation="http://www.dkma.dk/medicinecard/xml.schema/2012/06/01 Effectuation.xsd" xmlns:medicinecard20120601="http://www.dkma.dk/medicinecard/xml.schema/2012/06/01" xmlns:xsi="http://www.w3.org/2001/XMLSchema-instance">
	<DateTime>2001-12-17T09:30:47.0Z</DateTime>
	<EffectuationMethod>udleveret</EffectuationMethod>
	<Organisation>
		<Name>Lægerne Vestergade</Name>
		<AddressLine>Vestergade 12</AddressLine>
		<AddressLine>8660 Skanderborg</AddressLine>
		<TelephoneNumber>86561010</TelephoneNumber>
		<Type>Yder</Type>
		<Identifier source="Ydernummer">1KSM2</Identifier>
	</Organisation>
	<Doctor>
		<AuthorisationIdentifier>21M12</AuthorisationIdentifier>
		<Name>Anders Andersen</Name>
	</Doctor>
	<IsEffectuatedAccordingToDrugMedication/>
</Effectuation>
