<?xml version="1.0" encoding="UTF-8"?>
<MedicineCardResponse xmlns="http://www.dkma.dk/medicinecard/xml.schema/2012/06/01" xsi:schemaLocation="http://www.dkma.dk/medicinecard/xml.schema/2012/06/01 MedicineCardResponse.xsd" xmlns:medicinecard20120601="http://www.dkma.dk/medicinecard/xml.schema/2012/06/01" xmlns:xsi="http://www.w3.org/2001/XMLSchema-instance">
	<MedicineCard>
	
		<!-- Patient. Som eneste sted anvendes her ikke-FMK namespaces -->
		<Patient>
			<SimpleCPRPerson>
				<PersonNameStructure xmlns="http://rep.oio.dk/itst.dk/xml/schemas/2006/01/17/" xmlns:dkcc20030213="http://rep.oio.dk/ebxml/xml/schemas/dkcc/2003/02/13/">
					<dkcc20030213:PersonGivenName>Anders</dkcc20030213:PersonGivenName>
					<dkcc20030213:PersonSurnameName>Andersen</dkcc20030213:PersonSurnameName>
				</PersonNameStructure>
				<PersonCivilRegistrationIdentifier xmlns="http://rep.oio.dk/cpr.dk/xml/schemas/core/2005/03/18/">0102034567</PersonCivilRegistrationIdentifier>
			</SimpleCPRPerson>
			<AddressPostal xmlns="http://rep.oio.dk/xkom.dk/xml/schemas/2006/01/06/" xmlns:dkcc20050315="http://rep.oio.dk/ebxml/xml/schemas/dkcc/2005/03/15/" xmlns:dkcc20030213="http://rep.oio.dk/ebxml/xml/schemas/dkcc/2003/02/13/">
				<dkcc20050315:StreetName>Skibakken</dkcc20050315:StreetName>
				<dkcc20030213:StreetBuildingIdentifier>236</dkcc20030213:StreetBuildingIdentifier>
				<dkcc20050315:PostCodeIdentifier>8000</dkcc20050315:PostCodeIdentifier>
				<dkcc20050315:DistrictName>Århus</dkcc20050315:DistrictName>
			</AddressPostal>
		</Patient>

		<!-- Medicinkortets version og en relation til forrige version, som medicinkortet var oprettet på baggrud af -->
		<Version>131436572800010002</Version>
		<PreviousVersion>131436411700030001</PreviousVersion>
		
		<!-- Ændret af -->
		<Modified>
			<Organisation>
				<Name>Lægerne Vestergade</Name>
				<AddressLine>Vestergade 12</AddressLine>
				<TelephoneNumber>86561010</TelephoneNumber>
				<Type>Yder</Type>
				<Identifier source="Ydernummer">12121</Identifier>
			</Organisation>
			<Doctor>
				<AuthorisationIdentifier>1B2F7</AuthorisationIdentifier>
				<Name>Henrik Hansen</Name>
				<SpecialityCode source="Takst" sourceDate="2012-02-06">PSYK</SpecialityCode>
			</Doctor>
			<DateTime>2011-02-10T09:30:47.0Z</DateTime>
		</Modified>
		
		<!-- Negativt samtykke -->
		<NegativeConsent>
			<DrugMedicationIdentifier>1122212313</DrugMedicationIdentifier>
			<DrugMedicationVersion>131410412100020002</DrugMedicationVersion>
		</NegativeConsent>
		
		<!-- Lægemiddelordination -->
		<DrugMedication>
			<Identifier>1</Identifier>
			<Version>1</Version>
			<PreviousVersion>1122287121</PreviousVersion>
			
			<Created>
				<Organisation>
					<Name>Lægerne Vestergade</Name>
					<AddressLine>Vestergade 12</AddressLine>
					<TelephoneNumber>86561010</TelephoneNumber>
					<Type>Yder</Type>
					<Identifier source="Ydernummer">12121</Identifier>
				</Organisation>
				<Doctor>
					<AuthorisationIdentifier>1B2F7</AuthorisationIdentifier>
					<Name>Henrik Hansen</Name>
					<SpecialityCode source="Takst" sourceDate="2012-02-06">PSYK</SpecialityCode>
				</Doctor>
				<DateTime>2011-02-10T09:30:47.0Z</DateTime>
			</Created>
			
			<BeginEndDate>
				<DrugMedicationCreatedDateTime>2012-02-10T09:30:47.0Z</DrugMedicationCreatedDateTime>
				<TreatmentStartDate>2012-02-10</TreatmentStartDate>
				<TreatmentEndingUndetermined/>
			</BeginEndDate>
			
			<Indication>
				<Code source="Takst" sourceDate="2012-02-06">121</Code>
				<Text>mod mellemørebetændelse</Text>
			</Indication>
			
			<RouteOfAdministration>
				<Code source="Takst" sourceDate="2012-02-06">OR</Code>
				<Text>Oral anvendelse</Text>
			</RouteOfAdministration>
			
			<Drug>
				<ATC>
					<Code source="Takst" sourceDate="2012-02-06">J01CE02</Code>
					<Text>Phenoxymethylpenicillin</Text>
				</ATC>
				<Identifier source="Takst" sourceDate="2012-02-06">28100902276</Identifier>
				<Name>Primcillin</Name>
				<Form>
					<Code source="Takst" sourceDate="2012-02-06">TABFILM</Code>
					<Text>filmovertrukne tabletter</Text>
				</Form>
				<Strength>
					<Value>400.0</Value>
					<UnitCode source="Takst" sourceDate="2012-02-06">MG</UnitCode>
					<UnitText>milligram</UnitText>
				</Strength>
				<Substances>
					<ActiveSubstance>
						<Text source="Takst" sourceDate="2012-02-06">phenoxymethylpenicillin</Text>
					</ActiveSubstance>
				</Substances>
			</Drug>
			
			<Dosage>
				<DosageTimes>
					<IterationInterval>1</IterationInterval>
					<StartDate>2012-02-10</StartDate>
					<EndDate>2012-02-19</EndDate>
					<UnitText source="Doseringsforslag">tablet</UnitText>
					<SupplementaryText>ved måltid</SupplementaryText>
					<Day>
						<DayNumber>1</DayNumber>
						<Dose>
							<Time>morning</Time>
							<Quantity>1</Quantity>
						</Dose>
						<Dose>
							<Time>evening</Time>
							<Quantity>1</Quantity>
						</Dose>
					</Day>
				</DosageTimes>
			</Dosage>
			
			<DosageTranslation>
				<ShortText>1 tablet morgen og aften ved måltid</ShortText>
				<LongText>1 tablet morgen og aften ved måltid</LongText>
				<AverageDailyDosage>2</AverageDailyDosage>
				<UnitText source="Doseringsforslag" sourceDate="2012-02-06">tablet</UnitText>
			</DosageTranslation>
			
			<SubstitutionAllowed>true</SubstitutionAllowed>
			
			<!-- Effektuering af lægemiddelordination -->
			<Effectuation>
				<DateTime>2012-02-10T09:30:47.0Z</DateTime>
				<EffectuationMethod>udleveret</EffectuationMethod>
				<Organisation>
					<Name>Lægerne Vestergade</Name>
					<AddressLine>Vestergade 12</AddressLine>
					<TelephoneNumber>86561010</TelephoneNumber>
					<Type>Yder</Type>
					<Identifier source="Ydernummer">12121</Identifier>
				</Organisation>
				<Doctor>
					<AuthorisationIdentifier>1B2F7</AuthorisationIdentifier>
					<Name>Henrik Hansen</Name>
					<SpecialityCode source="Takst" sourceDate="2012-02-06">PSYK</SpecialityCode>
				</Doctor>
				<PackageQuantity>1</PackageQuantity>
				<PackageNumber>416636</PackageNumber>
				<PackageSize>
					<Value>20</Value>
					<UnitCode source="Takst" sourceDate="2012-02-06">ST</UnitCode>
					<UnitText>stk</UnitText>
				</PackageSize>
			</Effectuation>
			
			<!-- Receptordination knyttet til lægemiddelordination -->
			<PrescriptionMedication>
				<Identifier>1312312324</Identifier>
				<AuthorisationDateTime>2012-02-10T09:30:47.0Z</AuthorisationDateTime>
				<Created>
					<Organisation>
						<Name>Lægerne Vestergade</Name>
						<AddressLine>Vestergade 12</AddressLine>
						<TelephoneNumber>86561010</TelephoneNumber>
						<Type>Yder</Type>
						<Identifier source="Ydernummer">12121</Identifier>
					</Organisation>
					<Doctor>
						<AuthorisationIdentifier>1B2F7</AuthorisationIdentifier>
						<Name>Henrik Hansen</Name>
						<SpecialityCode source="Takst" sourceDate="2012-02-06">PSYK</SpecialityCode>
					</Doctor>
					<DateTime>2010-02-10T09:30:47.0Z</DateTime>
				</Created>
				<LatestEffectuationDateTime>2010-02-10T09:42:02.0Z</LatestEffectuationDateTime>
				<TerminatedDateTime>2010-02-10T09:42:02.0Z</TerminatedDateTime>
				<DeliveryInformationAndOrderInstruction>Leveres sammen med øvrige varer</DeliveryInformationAndOrderInstruction>
				<Delivery>
					<Priority>send til patientadresse samme dag</Priority>
					<StreetName>Søvej 12</StreetName>
					<PostCode>8660</PostCode>
					<ContactName>Skanderborg</ContactName>
				</Delivery>
				<ReimbursementClause>klausulbetingelse opfyldt</ReimbursementClause>
				<SinglePrescriptionDispensing>
					<PackageNumber>416636</PackageNumber>
					<PackageQuantity>1</PackageQuantity>
					<DosageText>1 tablet morgen og aften ved måltid</DosageText>
				</SinglePrescriptionDispensing>
				<Indication>
					<Code source="Takst" sourceDate="2012-02-06">121</Code>
					<Text>mod mellemørebetændelse</Text>
				</Indication>
				<Drug>
					<ATC>
						<Code source="Takst" sourceDate="2012-02-06">J01CE02</Code>
						<Text>Phenoxymethylpenicillin</Text>
					</ATC>
					<Identifier source="Takst" sourceDate="2012-02-06">28100902276</Identifier>
					<Name>Primcillin</Name>
					<Form>
						<Code source="Takst" sourceDate="2012-02-06">TABFILM</Code>
						<Text>filmovertrukne tabletter</Text>
					</Form>
					<Strength>
						<Value>400.0</Value>
						<UnitCode source="Takst" sourceDate="2012-02-06">MG</UnitCode>
						<UnitText>milligram</UnitText>
					</Strength>
					<Substances>
						<ActiveSubstance>
							<Text source="Takst" sourceDate="2012-02-06">phenoxymethylpenicillin</Text>
						</ActiveSubstance>
					</Substances>
				</Drug>
				<SubstitutionAllowed>true</SubstitutionAllowed>
				<SupplementaryInformation>Kan evt. opløses og drikkes</SupplementaryInformation>
				<ReceiverEAN>
					<ReceiverEAN>5710000000012</ReceiverEAN>
				</ReceiverEAN>
			</PrescriptionMedication>
			
		</DrugMedication>
	</MedicineCard>
</MedicineCardResponse>
